transformation,dataset,model,accuracy
none,udio_lara_cros_vila,sonics_alpha_5s,40.21
none,udio_lara_cros_vila,sonics_beta_5s,31
none,udio_lara_cros_vila,sonics_gamma_5s,22.43
none,udio_lara_cros_vila,sonics_alpha_120s,25.29
none,udio_lara_cros_vila,sonics_beta_120s,14.07
none,udio_lara_cros_vila,sonics_gamma_120s,25.07
none,udio_lara_cros_vila,cnn_lara_dataset,0.11
none,udio_lara_cros_vila,cnn_sonics,0.11
none,udio_lara_cros_vila,svm_lara,97.8
none,udio_lara_cros_vila,rf_lara,96.4
none,udio_lara_cros_vila,knn_lara,63.2
none,udio_lara_cros_vila,deezer,59
none,suno_lara_cros_vila,sonics_alpha_5s,25.48
none,suno_lara_cros_vila,sonics_beta_5s,25.05
none,suno_lara_cros_vila,sonics_gamma_5s,25.2
none,suno_lara_cros_vila,sonics_alpha_120s,99.29
none,suno_lara_cros_vila,sonics_beta_120s,98.72
none,suno_lara_cros_vila,sonics_gamma_120s,99.5
none,suno_lara_cros_vila,cnn_lara_dataset,74.02
none,suno_lara_cros_vila,cnn_sonics,0.0
none,suno_lara_cros_vila,svm_lara,98
none,suno_lara_cros_vila,rf_lara,98
none,suno_lara_cros_vila,knn_lara,98
none,suno_lara_cros_vila,deezer,87.87
none,real_lara_cros_vila,sonics_alpha_5s,91.51
none,real_lara_cros_vila,sonics_beta_5s,94.06
none,real_lara_cros_vila,sonics_gamma_5s,95.57
none,real_lara_cros_vila,sonics_alpha_120s,94.5
none,real_lara_cros_vila,sonics_beta_120s,98.21
none,real_lara_cros_vila,sonics_gamma_120s,93.02
none,real_lara_cros_vila,cnn_lara_dataset,96.89
none,real_lara_cros_vila,cnn_sonics,99.25
none,real_lara_cros_vila,svm_lara,99.4
none,real_lara_cros_vila,rf_lara,98.4
none,real_lara_cros_vila,knn_lara,96.5
none,real_lara_cros_vila,deezer,94.5
none,fake_sonics,sonics_alpha_5s,73.46
none,fake_sonics,sonics_beta_5s,68.97
none,fake_sonics,sonics_gamma_5s,63.64
none,fake_sonics,sonics_alpha_120s,93.62
none,fake_sonics,sonics_beta_120s,88.2
none,fake_sonics,sonics_gamma_120s,80.54
none,fake_sonics,cnn_lara_dataset,0.0
none,fake_sonics,cnn_sonics,77.5
none,fake_sonics,svm_lara,18.5
none,fake_sonics,rf_lara,20.1
none,fake_sonics,knn_lara,21.3
none,fake_sonics,deezer,48.2
none,real_sonics,sonics_alpha_5s,87.55
none,real_sonics,sonics_beta_5s,93.01
none,real_sonics,sonics_gamma_5s,95.85
none,real_sonics,sonics_alpha_120s,93.93
none,real_sonics,sonics_beta_120s,98.78
none,real_sonics,sonics_gamma_120s,91.65
none,real_sonics,cnn_lara_dataset,98.33
none,real_sonics,cnn_sonics,99.85
none,real_sonics,svm_lara,47.2
none,real_sonics,rf_lara,22.6
none,real_sonics,knn_lara,25.7
none,real_sonics,deezer,89.1
time_stretch,udio_lara_cros_vila,sonics_alpha_5s,35.34
time_stretch,udio_lara_cros_vila,sonics_beta_5s,26.24
time_stretch,udio_lara_cros_vila,sonics_gamma_5s,18.14
time_stretch,udio_lara_cros_vila,sonics_alpha_120s,22.64
time_stretch,udio_lara_cros_vila,sonics_beta_120s,11.64
time_stretch,udio_lara_cros_vila,sonics_gamma_120s,22.43
time_stretch,udio_lara_cros_vila,cnn_lara_dataset,0.32
time_stretch,udio_lara_cros_vila,cnn_sonics,0.53
time_stretch,udio_lara_cros_vila,svm_lara,82.2
time_stretch,udio_lara_cros_vila,rf_lara,91.7
time_stretch,udio_lara_cros_vila,knn_lara,40.8
time_stretch,udio_lara_cros_vila,deezer,51.43
time_stretch,suno_lara_cros_vila,sonics_alpha_5s,26.11
time_stretch,suno_lara_cros_vila,sonics_beta_5s,24.6
time_stretch,suno_lara_cros_vila,sonics_gamma_5s,24.63
time_stretch,suno_lara_cros_vila,sonics_alpha_120s,98.18
time_stretch,suno_lara_cros_vila,sonics_beta_120s,96.36
time_stretch,suno_lara_cros_vila,sonics_gamma_120s,99
time_stretch,suno_lara_cros_vila,cnn_lara_dataset,74.02
time_stretch,suno_lara_cros_vila,cnn_sonics,0.07
time_stretch,suno_lara_cros_vila,svm_lara,18.6
time_stretch,suno_lara_cros_vila,rf_lara,10.9
time_stretch,suno_lara_cros_vila,knn_lara,24.3
time_stretch,suno_lara_cros_vila,deezer,66.25
time_stretch,real_lara_cros_vila,sonics_alpha_5s,92.83
time_stretch,real_lara_cros_vila,sonics_beta_5s,95.75
time_stretch,real_lara_cros_vila,sonics_gamma_5s,97.83
time_stretch,real_lara_cros_vila,sonics_alpha_120s,95
time_stretch,real_lara_cros_vila,sonics_beta_120s,98.4
time_stretch,real_lara_cros_vila,sonics_gamma_120s,93.49
time_stretch,real_lara_cros_vila,cnn_lara_dataset,96.23
time_stretch,real_lara_cros_vila,cnn_sonics,99.34
time_stretch,real_lara_cros_vila,svm_lara,63.0
time_stretch,real_lara_cros_vila,rf_lara,48.7
time_stretch,real_lara_cros_vila,knn_lara,50.8
time_stretch,real_lara_cros_vila,deezer,71.33
time_stretch,fake_sonics,sonics_alpha_5s,67.13
time_stretch,fake_sonics,sonics_beta_5s,62.93
time_stretch,fake_sonics,sonics_gamma_5s,56.39
time_stretch,fake_sonics,sonics_alpha_120s,84.3
time_stretch,fake_sonics,sonics_beta_120s,79.83
time_stretch,fake_sonics,sonics_gamma_120s,80.51
time_stretch,fake_sonics,cnn_lara_dataset,0.0
time_stretch,fake_sonics,cnn_sonics,82.82
time_stretch,fake_sonics,svm_lara,15.9
time_stretch,fake_sonics,rf_lara,10.2
time_stretch,fake_sonics,knn_lara,4.1
time_stretch,fake_sonics,deezer,33.23
time_stretch,real_sonics,sonics_alpha_5s,89.48
time_stretch,real_sonics,sonics_beta_5s,94.88
time_stretch,real_sonics,sonics_gamma_5s,97.1
time_stretch,real_sonics,sonics_alpha_120s,94.41
time_stretch,real_sonics,sonics_beta_120s,98.91
time_stretch,real_sonics,sonics_gamma_120s,92.75
time_stretch,real_sonics,cnn_lara_dataset,99.86
time_stretch,real_sonics,cnn_sonics,22.1
time_stretch,real_sonics,svm_lara,22.1
time_stretch,real_sonics,rf_lara,10.5
time_stretch,real_sonics,knn_lara,12.7
time_stretch,real_sonics,deezer,55.26
pitch_shift,udio_lara_cros_vila,sonics_alpha_5s,10.3
pitch_shift,udio_lara_cros_vila,sonics_beta_5s,07.09
pitch_shift,udio_lara_cros_vila,sonics_gamma_5s,3.49
pitch_shift,udio_lara_cros_vila,sonics_alpha_120s,12.7
pitch_shift,udio_lara_cros_vila,sonics_beta_120s,5.19
pitch_shift,udio_lara_cros_vila,sonics_gamma_120s,9.21
pitch_shift,udio_lara_cros_vila,cnn_lara_dataset,0.11
pitch_shift,udio_lara_cros_vila,cnn_sonics,0.11
pitch_shift,udio_lara_cros_vila,svm_lara,80
pitch_shift,udio_lara_cros_vila,rf_lara,86.9
pitch_shift,udio_lara_cros_vila,knn_lara,61.5
pitch_shift,udio_lara_cros_vila,deezer,61.75
pitch_shift,suno_lara_cros_vila,sonics_alpha_5s,44.5
pitch_shift,suno_lara_cros_vila,sonics_beta_5s,31.4
pitch_shift,suno_lara_cros_vila,sonics_gamma_5s,26.64
pitch_shift,suno_lara_cros_vila,sonics_alpha_120s,53.02
pitch_shift,suno_lara_cros_vila,sonics_beta_120s,28.29
pitch_shift,suno_lara_cros_vila,sonics_gamma_120s,51.37
pitch_shift,suno_lara_cros_vila,cnn_lara_dataset,74.02
pitch_shift,suno_lara_cros_vila,cnn_sonics,0.07
pitch_shift,suno_lara_cros_vila,svm_lara,10.1
pitch_shift,suno_lara_cros_vila,rf_lara,6.4
pitch_shift,suno_lara_cros_vila,knn_lara,18.1
pitch_shift,suno_lara_cros_vila,deezer,58.4
pitch_shift,real_lara_cros_vila,sonics_alpha_5s,94.26
pitch_shift,real_lara_cros_vila,sonics_beta_5s,95.59
pitch_shift,real_lara_cros_vila,sonics_gamma_5s,97.46
pitch_shift,real_lara_cros_vila,sonics_alpha_120s,93.06
pitch_shift,real_lara_cros_vila,sonics_beta_120s,97.73
pitch_shift,real_lara_cros_vila,sonics_gamma_120s,95.06
pitch_shift,real_lara_cros_vila,cnn_lara_dataset,96.98
pitch_shift,real_lara_cros_vila,cnn_sonics,99.62
pitch_shift,real_lara_cros_vila,svm_lara,93.3
pitch_shift,real_lara_cros_vila,rf_lara,80.8
pitch_shift,real_lara_cros_vila,knn_lara,75.3
pitch_shift,real_lara_cros_vila,deezer,84.75
pitch_shift,fake_sonics,sonics_alpha_5s,15.8
pitch_shift,fake_sonics,sonics_beta_5s,12.19
pitch_shift,fake_sonics,sonics_gamma_5s,7.34
pitch_shift,fake_sonics,sonics_alpha_120s,43.86
pitch_shift,fake_sonics,sonics_beta_120s,22.6
pitch_shift,fake_sonics,sonics_gamma_120s,27.81
pitch_shift,fake_sonics,cnn_lara_dataset,0.01
pitch_shift,fake_sonics,cnn_sonics,63.46
pitch_shift,fake_sonics,svm_lara,21.5
pitch_shift,fake_sonics,rf_lara,8.1
pitch_shift,fake_sonics,knn_lara,8.3
pitch_shift,fake_sonics,deezer,44.4
pitch_shift,real_sonics,sonics_alpha_5s,91.55
pitch_shift,real_sonics,sonics_beta_5s,95.07
pitch_shift,real_sonics,sonics_gamma_5s,97.66
pitch_shift,real_sonics,sonics_alpha_120s,94.13
pitch_shift,real_sonics,sonics_beta_120s,99.02
pitch_shift,real_sonics,sonics_gamma_120s,95.73
pitch_shift,real_sonics,cnn_lara_dataset,98.34
pitch_shift,real_sonics,cnn_sonics,99.82
pitch_shift,real_sonics,svm_lara,0
pitch_shift,real_sonics,rf_lara,0
pitch_shift,real_sonics,knn_lara,0
pitch_shift,real_sonics,deezer,74.2
eq,udio_lara_cros_vila,sonics_alpha_5s,40.29
eq,udio_lara_cros_vila,sonics_beta_5s,31.3
eq,udio_lara_cros_vila,sonics_gamma_5s,21.74
eq,udio_lara_cros_vila,sonics_alpha_120s,26.38
eq,udio_lara_cros_vila,sonics_beta_120s,13.91
eq,udio_lara_cros_vila,sonics_gamma_120s,26.38
eq,udio_lara_cros_vila,cnn_lara_dataset,0.21
eq,udio_lara_cros_vila,cnn_sonics,0.11
eq,udio_lara_cros_vila,svm_lara,97.2
eq,udio_lara_cros_vila,rf_lara,94.1
eq,udio_lara_cros_vila,knn_lara,95.1
eq,udio_lara_cros_vila,deezer,54.57
eq,suno_lara_cros_vila,sonics_alpha_5s,25.29
eq,suno_lara_cros_vila,sonics_beta_5s,25.12
eq,suno_lara_cros_vila,sonics_gamma_5s,24.96
eq,suno_lara_cros_vila,sonics_alpha_120s,99.18
eq,suno_lara_cros_vila,sonics_beta_120s,99.01
eq,suno_lara_cros_vila,sonics_gamma_120s,99.18
eq,suno_lara_cros_vila,cnn_lara_dataset,74.02
eq,suno_lara_cros_vila,cnn_sonics,0.0
eq,suno_lara_cros_vila,svm_lara,25.1
eq,suno_lara_cros_vila,rf_lara,18.5
eq,suno_lara_cros_vila,knn_lara,25.8
eq,suno_lara_cros_vila,deezer,52.39
eq,real_lara_cros_vila,sonics_alpha_5s,91.14
eq,real_lara_cros_vila,sonics_beta_5s,94.15
eq,real_lara_cros_vila,sonics_gamma_5s,95.66
eq,real_lara_cros_vila,sonics_alpha_120s,93.68
eq,real_lara_cros_vila,sonics_beta_120s,98.3
eq,real_lara_cros_vila,sonics_gamma_120s,92.74
eq,real_lara_cros_vila,cnn_lara_dataset,96.89
eq,real_lara_cros_vila,cnn_sonics,99.43
eq,real_lara_cros_vila,svm_lara,99.1
eq,real_lara_cros_vila,rf_lara,96.9
eq,real_lara_cros_vila,knn_lara,95.1
eq,real_lara_cros_vila,deezer,93.67
eq,fake_sonics,sonics_alpha_5s,0.61
eq,fake_sonics,sonics_beta_5s,8.96
eq,fake_sonics,sonics_gamma_5s,6.53
eq,fake_sonics,sonics_alpha_120s,92.67
eq,fake_sonics,sonics_beta_120s,82.17
eq,fake_sonics,sonics_gamma_120s,94.89
eq,fake_sonics,cnn_lara_dataset,0.0
eq,fake_sonics,cnn_sonics,82.84
eq,fake_sonics,svm_lara,15.5
eq,fake_sonics,rf_lara,16.7
eq,fake_sonics,knn_lara,22.1
eq,fake_sonics,deezer,42.5
eq,real_sonics,sonics_alpha_5s,87.77
eq,real_sonics,sonics_beta_5s,93
eq,real_sonics,sonics_gamma_5s,95.8
eq,real_sonics,sonics_alpha_120s,93.55
eq,real_sonics,sonics_beta_120s,98.67
eq,real_sonics,sonics_gamma_120s,91.47
eq,real_sonics,cnn_lara_dataset,98.33
eq,real_sonics,cnn_sonics,99.83
eq,real_sonics,svm_lara,40.6
eq,real_sonics,rf_lara,19.9
eq,real_sonics,knn_lara,21.7
eq,real_sonics,deezer,87.38
reverb,udio_lara_cros_vila,sonics_alpha_5s,4.02
reverb,udio_lara_cros_vila,sonics_beta_5s,10.79
reverb,udio_lara_cros_vila,sonics_gamma_5s,6.98
reverb,udio_lara_cros_vila,sonics_alpha_120s,4.97
reverb,udio_lara_cros_vila,sonics_beta_120s,1.27
reverb,udio_lara_cros_vila,sonics_gamma_120s,3.91
reverb,udio_lara_cros_vila,cnn_lara_dataset,0.21
reverb,udio_lara_cros_vila,cnn_sonics,5.4
reverb,udio_lara_cros_vila,svm_lara,17.1
reverb,udio_lara_cros_vila,rf_lara,70.7
reverb,udio_lara_cros_vila,knn_lara,14.3
reverb,udio_lara_cros_vila,deezer,57.14
reverb,suno_lara_cros_vila,sonics_alpha_5s,23.65
reverb,suno_lara_cros_vila,sonics_beta_5s,22.6
reverb,suno_lara_cros_vila,sonics_gamma_5s,23.8
reverb,suno_lara_cros_vila,sonics_alpha_120s,99.02
reverb,suno_lara_cros_vila,sonics_beta_120s,91.62
reverb,suno_lara_cros_vila,sonics_gamma_120s,98.80
reverb,suno_lara_cros_vila,cnn_lara_dataset,74.02
reverb,suno_lara_cros_vila,cnn_sonics,5.14
reverb,suno_lara_cros_vila,svm_lara,26.1
reverb,suno_lara_cros_vila,rf_lara,22.8
reverb,suno_lara_cros_vila,knn_lara,26.1
reverb,suno_lara_cros_vila,deezer,62.34
reverb,real_lara_cros_vila,sonics_alpha_5s,97.51
reverb,real_lara_cros_vila,sonics_beta_5s,97.7
reverb,real_lara_cros_vila,sonics_gamma_5s,96.17
reverb,real_lara_cros_vila,sonics_alpha_120s,96.36
reverb,real_lara_cros_vila,sonics_beta_120s,99.23
reverb,real_lara_cros_vila,sonics_gamma_120s,98.27
reverb,real_lara_cros_vila,cnn_lara_dataset,96.7
reverb,real_lara_cros_vila,cnn_sonics,94.62
reverb,real_lara_cros_vila,svm_lara,21.6
reverb,real_lara_cros_vila,rf_lara,7.5
reverb,real_lara_cros_vila,knn_lara,17.6
reverb,real_lara_cros_vila,deezer,34.45
reverb,fake_sonics,sonics_alpha_5s,49.95
reverb,fake_sonics,sonics_beta_5s,49.17
reverb,fake_sonics,sonics_gamma_5s,55.51
reverb,fake_sonics,sonics_alpha_120s,92.89
reverb,fake_sonics,sonics_beta_120s,54.73
reverb,fake_sonics,sonics_gamma_120s,72.94
reverb,fake_sonics,cnn_lara_dataset,0.03
reverb,fake_sonics,cnn_sonics,85.05
reverb,fake_sonics,svm_lara,7.2
reverb,fake_sonics,rf_lara,5.4
reverb,fake_sonics,knn_lara,0.8
reverb,fake_sonics,deezer,25.33
reverb,real_sonics,sonics_alpha_5s,96.95
reverb,real_sonics,sonics_beta_5s,97.39
reverb,real_sonics,sonics_gamma_5s,94.40
reverb,real_sonics,sonics_alpha_120s,97.32
reverb,real_sonics,sonics_beta_120s,99.75
reverb,real_sonics,sonics_gamma_120s,98.13
reverb,real_sonics,cnn_lara_dataset,98.09
reverb,real_sonics,cnn_sonics,96.14
reverb,real_sonics,svm_lara,8.2
reverb,real_sonics,rf_lara,0.5
reverb,real_sonics,knn_lara,3.2
reverb,real_sonics,deezer,34.32
white_noise,udio_lara_cros_vila,sonics_alpha_5s,41.07
white_noise,udio_lara_cros_vila,sonics_beta_5s,27.65
white_noise,udio_lara_cros_vila,sonics_gamma_5s,20.26
white_noise,udio_lara_cros_vila,sonics_alpha_120s,28.91
white_noise,udio_lara_cros_vila,sonics_beta_120s,17.5
white_noise,udio_lara_cros_vila,sonics_gamma_120s,30.2
white_noise,udio_lara_cros_vila,cnn_lara_dataset,0.0
white_noise,udio_lara_cros_vila,cnn_sonics,0.0
white_noise,udio_lara_cros_vila,svm_lara,84.9
white_noise,udio_lara_cros_vila,rf_lara,92.6
white_noise,udio_lara_cros_vila,knn_lara,48.0
white_noise,udio_lara_cros_vila,deezer,53.75
white_noise,suno_lara_cros_vila,sonics_alpha_5s,25.7
white_noise,suno_lara_cros_vila,sonics_beta_5s,25.41
white_noise,suno_lara_cros_vila,sonics_gamma_5s,25.2
white_noise,suno_lara_cros_vila,sonics_alpha_120s,99.71
white_noise,suno_lara_cros_vila,sonics_beta_120s,99.29
white_noise,suno_lara_cros_vila,sonics_gamma_120s,99.86
white_noise,suno_lara_cros_vila,cnn_lara_dataset,74.02
white_noise,suno_lara_cros_vila,cnn_sonics,0.0
white_noise,suno_lara_cros_vila,svm_lara,20.3
white_noise,suno_lara_cros_vila,rf_lara,16.8
white_noise,suno_lara_cros_vila,knn_lara,25.6
white_noise,suno_lara_cros_vila,deezer,23.47
white_noise,real_lara_cros_vila,sonics_alpha_5s,99.91
white_noise,real_lara_cros_vila,sonics_beta_5s,100
white_noise,real_lara_cros_vila,sonics_gamma_5s,99.91
white_noise,real_lara_cros_vila,sonics_alpha_120s,100
white_noise,real_lara_cros_vila,sonics_beta_120s,100
white_noise,real_lara_cros_vila,sonics_gamma_120s,99.91
white_noise,real_lara_cros_vila,cnn_lara_dataset,100
white_noise,real_lara_cros_vila,cnn_sonics,100
white_noise,real_lara_cros_vila,svm_lara,44.7
white_noise,real_lara_cros_vila,rf_lara,28.6
white_noise,real_lara_cros_vila,knn_lara,48.0
white_noise,real_lara_cros_vila,deezer,58.38
white_noise,fake_sonics,sonics_alpha_5s,70.7
white_noise,fake_sonics,sonics_beta_5s,58.31
white_noise,fake_sonics,sonics_gamma_5s,56.74
white_noise,fake_sonics,sonics_alpha_120s,95.12
white_noise,fake_sonics,sonics_beta_120s,92.21
white_noise,fake_sonics,sonics_gamma_120s,97.99
white_noise,fake_sonics,cnn_lara_dataset,0.0
white_noise,fake_sonics,cnn_sonics,100
white_noise,fake_sonics,svm_lara,8.7
white_noise,fake_sonics,rf_lara,13.4
white_noise,fake_sonics,knn_lara,23.3
white_noise,fake_sonics,deezer,37.5
white_noise,real_sonics,sonics_alpha_5s,80.94
white_noise,real_sonics,sonics_beta_5s,90.3
white_noise,real_sonics,sonics_gamma_5s,93.28
white_noise,real_sonics,sonics_alpha_120s,90.65
white_noise,real_sonics,sonics_beta_120s,97.84
white_noise,real_sonics,sonics_gamma_120s,89.07
white_noise,real_sonics,cnn_lara_dataset,100
white_noise,real_sonics,cnn_sonics,100
white_noise,real_sonics,svm_lara,21.4
white_noise,real_sonics,rf_lara,5.8
white_noise,real_sonics,knn_lara,9.2
white_noise,real_sonics,deezer,59.23
